﻿{"cameraMode":{"drawMode":0,"name":"Shaded","section":"Shading Mode"},"sceneLighting":true,"audioPlay":false,"sceneViewState":{"showFog":true,"showMaterialUpdate":false,"showSkybox":true,"showFlares":true,"showImageEffects":true,"showParticleSystems":true},"in2DMode":false,"pivot":{"x":4.295587539672852,"y":-0.20878028869628907,"z":9.731428146362305},"rotation":{"x":-0.22597286105155946,"y":0.2232600301504135,"z":-0.0532907210290432,"w":-0.9467055797576904},"size":17.760717391967775,"orthographic":false}